{
	"partitions" : [
		{
			"name" : "Top",
			"pins" : [
				{
					"name" : "h_sync",
					"strict" : false
				},
				{
					"name" : "v_sync",
					"strict" : false
				},
				{
					"name" : "DAC_clock",
					"strict" : false
				},
				{
					"name" : "vga_R[0]",
					"strict" : false
				},
				{
					"name" : "vga_R[1]",
					"strict" : false
				},
				{
					"name" : "vga_R[2]",
					"strict" : false
				},
				{
					"name" : "vga_R[3]",
					"strict" : false
				},
				{
					"name" : "vga_R[4]",
					"strict" : false
				},
				{
					"name" : "vga_R[5]",
					"strict" : false
				},
				{
					"name" : "vga_R[6]",
					"strict" : false
				},
				{
					"name" : "vga_R[7]",
					"strict" : false
				},
				{
					"name" : "vga_G[0]",
					"strict" : false
				},
				{
					"name" : "vga_G[1]",
					"strict" : false
				},
				{
					"name" : "vga_G[2]",
					"strict" : false
				},
				{
					"name" : "vga_G[3]",
					"strict" : false
				},
				{
					"name" : "vga_G[4]",
					"strict" : false
				},
				{
					"name" : "vga_G[5]",
					"strict" : false
				},
				{
					"name" : "vga_G[6]",
					"strict" : false
				},
				{
					"name" : "vga_G[7]",
					"strict" : false
				},
				{
					"name" : "vga_B[0]",
					"strict" : false
				},
				{
					"name" : "vga_B[1]",
					"strict" : false
				},
				{
					"name" : "vga_B[2]",
					"strict" : false
				},
				{
					"name" : "vga_B[3]",
					"strict" : false
				},
				{
					"name" : "vga_B[4]",
					"strict" : false
				},
				{
					"name" : "vga_B[5]",
					"strict" : false
				},
				{
					"name" : "vga_B[6]",
					"strict" : false
				},
				{
					"name" : "vga_B[7]",
					"strict" : false
				},
				{
					"name" : "blank_n",
					"strict" : false
				},
				{
					"name" : "clock",
					"strict" : false
				},
				{
					"name" : "reset",
					"strict" : false
				},
				{
					"name" : "left_key",
					"strict" : false
				},
				{
					"name" : "right_key",
					"strict" : false
				},
				{
					"name" : "left_key1",
					"strict" : false
				},
				{
					"name" : "right_key1",
					"strict" : false
				}
			]
		}
	]
}